component,corr_with_existing_seg_PC,sign_applied
PC1,1.0,1
PC2,1.0,1
PC3,0.9999999999999999,1
PC4,0.9999999999999999,1
PC5,1.0,1
